{"qs": [0.5583333333333332, 0.5285714285714286, 0.5875, 0.6333333333333334, 0.67, 0.7000000000000001, 0.786363636363636, 0.786363636363636, 0.8272727272727272, 0.8727272727272728, 0.8954545454545455, 0.9, 0.959090909090909, 0.8681818181818179, 0.8681818181818179, 0.8454545454545453, 0.8454545454545453, 0.8454545454545453, 0.8227272727272726, 0.8227272727272726, 0.8090909090909089, 0.768181818181818, 0.768181818181818, 0.7454545454545453, 0.8363636363636363, 0.831818181818182, 0.7954545454545454, 0.7909090909090908, 0.7909090909090908, 0.8136363636363637, 0.8136363636363637, 0.8, 0.8227272727272726, 0.7954545454545455, 0.8181818181818183, 0.7818181818181817, 0.7636363636363634, 0.8227272727272729, 0.8272727272727274, 0.8272727272727274, 0.8272727272727274, 0.8272727272727274, 0.8318181818181817, 0.8772727272727273, 0.9045454545454545, 0.9045454545454545, 0.9, 0.8545454545454543, 0.8181818181818181, 0.7545454545454545, 0.7136363636363636, 0.6909090909090909, 0.6909090909090909, 0.7136363636363636, 0.6636363636363635, 0.6636363636363635, 0.659090909090909, 0.6999999999999997, 0.7545454545454545, 0.7863636363636363, 0.8363636363636363, 0.8136363636363637, 0.7909090909090906, 0.7909090909090906, 0.7499999999999998, 0.7863636363636363, 0.7863636363636363, 0.7909090909090908, 0.7909090909090908, 0.7136363636363635, 0.718181818181818, 0.7318181818181817, 0.7545454545454546, 0.7863636363636363, 0.7863636363636363, 0.8272727272727272, 0.8400000000000001, 0.8222222222222223, 0.8, 0.7714285714285715, 0.8999999999999998], "cumulative": 63.75, "hired": 87.05, "ws": [5.0, 1.5, 1.55, 1.1, 1.1, 1.1, 1.15, 1.0, 1.0, 1.0, 1.0, 1.0, 1.0, 1.0, 1.0, 1.0, 1.0, 1.0, 1.05, 1.0, 1.0, 1.0, 1.0, 1.0, 1.05, 1.05, 1.0, 1.0, 1.0, 1.0, 1.0, 1.0, 1.05, 1.05, 1.0, 1.0, 1.0, 1.0, 1.0, 1.0, 1.0, 1.0, 1.0, 1.0, 1.0, 1.0, 1.0, 1.0, 1.0, 1.0, 1.05, 1.0, 1.0, 1.0, 1.0, 1.0, 1.0, 1.0, 1.0, 1.1, 1.0, 1.0, 1.0, 1.0, 1.0, 1.05, 1.0, 1.0, 1.0, 1.0, 1.0, 1.0, 1.0, 1.0, 1.0, 1.0, 1.05, 1.0, 1.0, 1.0, 1.05], "cs": [0.05, 0.525, 0.5333333333333333, 0.525, 0.4800000000000001, 0.5583333333333332, 0.5285714285714286, 0.5875, 0.6333333333333334, 0.67, 0.7000000000000001, 0.725, 0.7461538461538462, 0.7642857142857142, 0.78, 0.765625, 0.7794117647058824, 0.7916666666666666, 0.7499999999999999, 0.7625, 0.7619047619047619, 0.7727272727272727, 0.782608695652174, 0.7812500000000001, 0.7900000000000001, 0.7923076923076923, 0.7666666666666667, 0.7749999999999999, 0.7741379310344827, 0.7816666666666666, 0.7870967741935484, 0.7734375, 0.7787878787878786, 0.7852941176470589, 0.7914285714285716, 0.7972222222222223, 0.7945945945945946, 0.7828947368421052, 0.780769230769231, 0.78625, 0.781707317073171, 0.7809523809523811, 0.7860465116279067, 0.7909090909090909, 0.7955555555555558, 0.7999999999999998, 0.8042553191489363, 0.803125, 0.8040816326530613, 0.808, 0.8117647058823533, 0.8067307692307691, 0.7962264150943397, 0.7925925925925924, 0.7836363636363637, 0.7794642857142857, 0.7789473684210526, 0.7827586206896552, 0.7864406779661016, 0.7783333333333332, 0.781967213114754, 0.7846774193548387, 0.7880952380952381, 0.7890625, 0.7915384615384615, 0.7924242424242425, 0.7850746268656716, 0.7808823529411766, 0.7840579710144927, 0.7807142857142857, 0.7795774647887322, 0.7826388888888889, 0.7856164383561642, 0.7885135135135134, 0.7780000000000001, 0.780921052631579, 0.7837662337662338, 0.7807692307692308, 0.7816455696202532, 0.784375, 0.7870370370370371], "correct": 0.7870370370370371}