{"qs": [0.4833333333333333, 0.4928571428571429, 0.55625, 0.6055555555555555, 0.6449999999999998, 0.6409090909090909, 0.7272727272727273, 0.7272727272727273, 0.7727272727272725, 0.8272727272727272, 0.8454545454545451, 0.8590909090909088, 0.8999999999999998, 0.809090909090909, 0.809090909090909, 0.7954545454545453, 0.8318181818181817, 0.8318181818181817, 0.8227272727272726, 0.8136363636363635, 0.8136363636363635, 0.8, 0.8, 0.8, 0.8909090909090907, 0.8909090909090907, 0.85, 0.8454545454545453, 0.8454545454545453, 0.8545454545454545, 0.8636363636363636, 0.8454545454545453, 0.8818181818181816, 0.8454545454545451, 0.8454545454545451, 0.8, 0.7545454545454546, 0.7954545454545454, 0.8, 0.8, 0.8, 0.8, 0.818181818181818, 0.8590909090909088, 0.8954545454545455, 0.8954545454545455, 0.8727272727272727, 0.8318181818181817, 0.809090909090909, 0.7409090909090909, 0.6590909090909091, 0.6409090909090909, 0.6272727272727272, 0.6272727272727272, 0.5818181818181818, 0.5818181818181818, 0.5545454545454545, 0.6227272727272728, 0.6636363636363636, 0.7, 0.7318181818181817, 0.7272727272727272, 0.659090909090909, 0.6727272727272727, 0.6000000000000001, 0.6045454545454546, 0.6045454545454546, 0.6272727272727272, 0.6136363636363635, 0.5681818181818181, 0.5681818181818181, 0.6045454545454546, 0.6363636363636365, 0.7227272727272727, 0.7227272727272727, 0.7636363636363637, 0.7850000000000003, 0.7611111111111113, 0.7375, 0.7214285714285713, 0.8416666666666668], "cumulative": 60.2, "hired": 243.0, "ws": [3.0, 3.0, 3.0, 3.0, 3.0, 3.0, 3.0, 3.0, 3.0, 3.0, 3.0, 3.0, 3.0, 3.0, 3.0, 3.0, 3.0, 3.0, 3.0, 3.0, 3.0, 3.0, 3.0, 3.0, 3.0, 3.0, 3.0, 3.0, 3.0, 3.0, 3.0, 3.0, 3.0, 3.0, 3.0, 3.0, 3.0, 3.0, 3.0, 3.0, 3.0, 3.0, 3.0, 3.0, 3.0, 3.0, 3.0, 3.0, 3.0, 3.0, 3.0, 3.0, 3.0, 3.0, 3.0, 3.0, 3.0, 3.0, 3.0, 3.0, 3.0, 3.0, 3.0, 3.0, 3.0, 3.0, 3.0, 3.0, 3.0, 3.0, 3.0, 3.0, 3.0, 3.0, 3.0, 3.0, 3.0, 3.0, 3.0, 3.0, 3.0], "cs": [0.05, 0.525, 0.5166666666666666, 0.4875, 0.41000000000000003, 0.4833333333333333, 0.4928571428571429, 0.55625, 0.6055555555555555, 0.6449999999999998, 0.6409090909090909, 0.6708333333333334, 0.6961538461538461, 0.7178571428571427, 0.7366666666666666, 0.709375, 0.7264705882352939, 0.7416666666666665, 0.7026315789473683, 0.7175, 0.7238095238095236, 0.7363636363636362, 0.7478260869565218, 0.7541666666666668, 0.76, 0.7692307692307693, 0.7462962962962962, 0.7553571428571428, 0.7637931034482759, 0.7716666666666667, 0.779032258064516, 0.7671875, 0.7727272727272727, 0.7794117647058825, 0.7857142857142858, 0.7916666666666667, 0.791891891891892, 0.7855263157894735, 0.7807692307692309, 0.78625, 0.7792682926829271, 0.7726190476190476, 0.7744186046511625, 0.7795454545454545, 0.7844444444444444, 0.7891304347826089, 0.7936170212765956, 0.7979166666666666, 0.8020408163265305, 0.806, 0.8098039215686278, 0.7990384615384618, 0.7849056603773585, 0.7814814814814814, 0.7718181818181817, 0.7598214285714285, 0.7605263157894736, 0.7620689655172412, 0.7661016949152543, 0.7616666666666666, 0.7655737704918032, 0.7645161290322582, 0.7682539682539684, 0.7640625, 0.767692307692308, 0.7651515151515149, 0.7544776119402986, 0.7441176470588236, 0.7478260869565218, 0.7399999999999999, 0.7373239436619718, 0.7409722222222221, 0.7438356164383562, 0.7452702702702703, 0.7353333333333334, 0.7388157894736841, 0.7422077922077921, 0.7378205128205126, 0.7411392405063293, 0.744375, 0.74320987654321], "correct": 0.74320987654321}