{"qs": [0.41666666666666663, 0.38571428571428573, 0.4625, 0.5222222222222223, 0.57, 0.5863636363636363, 0.6772727272727274, 0.6772727272727274, 0.740909090909091, 0.8, 0.8318181818181818, 0.8454545454545455, 0.9181818181818178, 0.8272727272727272, 0.8227272727272726, 0.7863636363636364, 0.809090909090909, 0.809090909090909, 0.7954545454545453, 0.7818181818181816, 0.7727272727272726, 0.740909090909091, 0.740909090909091, 0.740909090909091, 0.8318181818181817, 0.8363636363636362, 0.8227272727272725, 0.8227272727272725, 0.8227272727272725, 0.8363636363636363, 0.8499999999999999, 0.8363636363636362, 0.8954545454545455, 0.859090909090909, 0.859090909090909, 0.8363636363636362, 0.768181818181818, 0.8181818181818181, 0.8181818181818181, 0.8181818181818181, 0.8181818181818181, 0.8181818181818181, 0.8409090909090908, 0.8727272727272727, 0.9090909090909092, 0.9090909090909092, 0.8772727272727272, 0.8545454545454543, 0.8136363636363635, 0.7363636363636366, 0.6681818181818182, 0.65, 0.6409090909090909, 0.6409090909090909, 0.5727272727272726, 0.5727272727272726, 0.5363636363636363, 0.5909090909090909, 0.6545454545454545, 0.6954545454545453, 0.7636363636363636, 0.7409090909090909, 0.6818181818181819, 0.6909090909090909, 0.6227272727272727, 0.6409090909090909, 0.6409090909090909, 0.6772727272727272, 0.6727272727272727, 0.6090909090909091, 0.6090909090909091, 0.6181818181818182, 0.6636363636363635, 0.7363636363636363, 0.7363636363636363, 0.7909090909090908, 0.8250000000000004, 0.8055555555555559, 0.78125, 0.7571428571428567, 0.8833333333333334], "cumulative": 60.0, "hired": 243.0, "ws": [3.0, 3.0, 3.0, 3.0, 3.0, 3.0, 3.0, 3.0, 3.0, 3.0, 3.0, 3.0, 3.0, 3.0, 3.0, 3.0, 3.0, 3.0, 3.0, 3.0, 3.0, 3.0, 3.0, 3.0, 3.0, 3.0, 3.0, 3.0, 3.0, 3.0, 3.0, 3.0, 3.0, 3.0, 3.0, 3.0, 3.0, 3.0, 3.0, 3.0, 3.0, 3.0, 3.0, 3.0, 3.0, 3.0, 3.0, 3.0, 3.0, 3.0, 3.0, 3.0, 3.0, 3.0, 3.0, 3.0, 3.0, 3.0, 3.0, 3.0, 3.0, 3.0, 3.0, 3.0, 3.0, 3.0, 3.0, 3.0, 3.0, 3.0, 3.0, 3.0, 3.0, 3.0, 3.0, 3.0, 3.0, 3.0, 3.0, 3.0, 3.0], "cs": [0.0, 0.5, 0.4333333333333333, 0.4125, 0.3300000000000001, 0.41666666666666663, 0.38571428571428573, 0.4625, 0.5222222222222223, 0.57, 0.5863636363636363, 0.6208333333333333, 0.6499999999999998, 0.6749999999999998, 0.6966666666666664, 0.675, 0.6941176470588233, 0.7111111111111108, 0.6736842105263158, 0.6875, 0.6833333333333331, 0.6977272727272726, 0.7108695652173912, 0.7166666666666667, 0.7220000000000001, 0.7288461538461536, 0.7018518518518518, 0.7124999999999998, 0.7224137931034482, 0.7316666666666664, 0.7403225806451613, 0.73125, 0.7393939393939393, 0.7470588235294116, 0.7542857142857142, 0.7611111111111112, 0.7608108108108107, 0.7578947368421055, 0.7538461538461537, 0.76, 0.7597560975609756, 0.7476190476190476, 0.753488372093023, 0.7590909090909091, 0.7644444444444445, 0.7695652173913043, 0.7744680851063829, 0.7791666666666666, 0.7836734693877551, 0.788, 0.7921568627450984, 0.7846153846153846, 0.769811320754717, 0.7657407407407408, 0.7545454545454545, 0.7455357142857143, 0.7464912280701754, 0.7491379310344828, 0.7533898305084746, 0.7449999999999999, 0.7491803278688522, 0.7467741935483869, 0.7507936507936508, 0.75, 0.7538461538461538, 0.7560606060606061, 0.744776119402985, 0.7360294117647058, 0.7398550724637682, 0.7328571428571428, 0.7288732394366196, 0.732638888888889, 0.7363013698630135, 0.7391891891891891, 0.7293333333333332, 0.7328947368421053, 0.7363636363636361, 0.7333333333333334, 0.7360759493670888, 0.739375, 0.7407407407407408], "correct": 0.7407407407407408}