{"qs": [0.5, 0.5714285714285714, 0.625, 0.6666666666666666, 0.7, 0.7272727272727273, 0.8181818181818182, 0.8181818181818182, 0.8181818181818182, 0.9090909090909091, 0.9090909090909091, 0.9090909090909091, 0.9090909090909091, 0.8181818181818182, 0.8181818181818182, 0.8181818181818182, 0.8181818181818182, 0.8181818181818182, 0.8181818181818182, 0.8181818181818182, 0.8181818181818182, 0.8181818181818182, 0.8181818181818182, 0.8181818181818182, 0.9090909090909091, 0.9090909090909091, 0.8181818181818182, 0.8181818181818182, 0.8181818181818182, 0.8181818181818182, 0.8181818181818182, 0.8181818181818182, 0.9090909090909091, 0.9090909090909091, 0.9090909090909091, 0.9090909090909091, 0.8181818181818182, 0.9090909090909091, 0.9090909090909091, 0.9090909090909091, 0.9090909090909091, 0.9090909090909091, 0.9090909090909091, 0.9090909090909091, 0.9090909090909091, 0.9090909090909091, 0.8181818181818182, 0.8181818181818182, 0.7272727272727273, 0.6363636363636364, 0.5454545454545454, 0.45454545454545453, 0.45454545454545453, 0.45454545454545453, 0.45454545454545453, 0.45454545454545453, 0.45454545454545453, 0.5454545454545454, 0.6363636363636364, 0.7272727272727273, 0.8181818181818182, 0.8181818181818182, 0.8181818181818182, 0.8181818181818182, 0.7272727272727273, 0.6363636363636364, 0.6363636363636364, 0.6363636363636364, 0.6363636363636364, 0.5454545454545454, 0.5454545454545454, 0.5454545454545454, 0.5454545454545454, 0.6363636363636364, 0.6363636363636364, 0.7272727272727273, 0.8, 0.7777777777777778, 0.75, 0.7142857142857143, 0.8333333333333334], "cumulative": 61.0, "hired": 243.0, "ws": [3.0, 3.0, 3.0, 3.0, 3.0, 3.0, 3.0, 3.0, 3.0, 3.0, 3.0, 3.0, 3.0, 3.0, 3.0, 3.0, 3.0, 3.0, 3.0, 3.0, 3.0, 3.0, 3.0, 3.0, 3.0, 3.0, 3.0, 3.0, 3.0, 3.0, 3.0, 3.0, 3.0, 3.0, 3.0, 3.0, 3.0, 3.0, 3.0, 3.0, 3.0, 3.0, 3.0, 3.0, 3.0, 3.0, 3.0, 3.0, 3.0, 3.0, 3.0, 3.0, 3.0, 3.0, 3.0, 3.0, 3.0, 3.0, 3.0, 3.0, 3.0, 3.0, 3.0, 3.0, 3.0, 3.0, 3.0, 3.0, 3.0, 3.0, 3.0, 3.0, 3.0, 3.0, 3.0, 3.0, 3.0, 3.0, 3.0, 3.0, 3.0], "cs": [0.0, 0.5, 0.6666666666666666, 0.5, 0.4, 0.5, 0.5714285714285714, 0.625, 0.6666666666666666, 0.7, 0.7272727272727273, 0.75, 0.7692307692307693, 0.7857142857142857, 0.8, 0.75, 0.7647058823529411, 0.7777777777777778, 0.7368421052631579, 0.75, 0.7619047619047619, 0.7727272727272727, 0.782608695652174, 0.7916666666666666, 0.8, 0.8076923076923077, 0.7777777777777778, 0.7857142857142857, 0.7931034482758621, 0.8, 0.8064516129032258, 0.78125, 0.7878787878787878, 0.7941176470588235, 0.8, 0.8055555555555556, 0.8108108108108109, 0.8157894736842105, 0.8205128205128205, 0.825, 0.8292682926829268, 0.8095238095238095, 0.813953488372093, 0.8181818181818182, 0.8222222222222222, 0.8260869565217391, 0.8297872340425532, 0.8333333333333334, 0.8367346938775511, 0.84, 0.8431372549019608, 0.8269230769230769, 0.8113207547169812, 0.7962962962962963, 0.7818181818181819, 0.7678571428571429, 0.7543859649122807, 0.7586206896551724, 0.7627118644067796, 0.7666666666666667, 0.7704918032786885, 0.7741935483870968, 0.7777777777777778, 0.78125, 0.7846153846153846, 0.7878787878787878, 0.7761194029850746, 0.7647058823529411, 0.7681159420289855, 0.7571428571428571, 0.7464788732394366, 0.75, 0.7534246575342466, 0.7567567567567568, 0.7466666666666667, 0.75, 0.7532467532467533, 0.7435897435897436, 0.7468354430379747, 0.75, 0.7530864197530864], "correct": 0.7530864197530864}