{"qs": [0.4666666666666666, 0.43571428571428567, 0.50625, 0.5611111111111111, 0.605, 0.6272727272727272, 0.7136363636363636, 0.7136363636363636, 0.7681818181818181, 0.818181818181818, 0.8409090909090906, 0.8499999999999996, 0.918181818181818, 0.8272727272727272, 0.809090909090909, 0.7863636363636363, 0.7999999999999999, 0.7999999999999999, 0.7909090909090908, 0.7863636363636364, 0.7818181818181817, 0.7681818181818181, 0.7681818181818181, 0.7636363636363634, 0.8545454545454543, 0.8727272727272725, 0.8409090909090908, 0.8409090909090908, 0.8409090909090908, 0.8499999999999999, 0.8545454545454543, 0.8499999999999999, 0.9090909090909088, 0.8636363636363635, 0.8681818181818179, 0.8318181818181817, 0.7636363636363637, 0.7954545454545453, 0.7954545454545453, 0.7954545454545453, 0.7954545454545453, 0.7954545454545453, 0.8045454545454543, 0.8272727272727272, 0.8727272727272727, 0.8727272727272727, 0.8409090909090908, 0.8181818181818181, 0.8, 0.7227272727272727, 0.6500000000000001, 0.6181818181818182, 0.6045454545454546, 0.6045454545454546, 0.5636363636363636, 0.5636363636363636, 0.5272727272727272, 0.5954545454545455, 0.6636363636363636, 0.7045454545454546, 0.7590909090909091, 0.740909090909091, 0.6909090909090908, 0.7045454545454544, 0.6363636363636364, 0.6136363636363636, 0.6136363636363636, 0.65, 0.640909090909091, 0.5727272727272726, 0.5727272727272726, 0.5954545454545455, 0.6272727272727272, 0.7000000000000001, 0.7000000000000001, 0.7454545454545454, 0.7900000000000001, 0.7666666666666668, 0.7375, 0.7142857142857142, 0.8333333333333334], "cumulative": 59.55, "hired": 243.0, "ws": [3.0, 3.0, 3.0, 3.0, 3.0, 3.0, 3.0, 3.0, 3.0, 3.0, 3.0, 3.0, 3.0, 3.0, 3.0, 3.0, 3.0, 3.0, 3.0, 3.0, 3.0, 3.0, 3.0, 3.0, 3.0, 3.0, 3.0, 3.0, 3.0, 3.0, 3.0, 3.0, 3.0, 3.0, 3.0, 3.0, 3.0, 3.0, 3.0, 3.0, 3.0, 3.0, 3.0, 3.0, 3.0, 3.0, 3.0, 3.0, 3.0, 3.0, 3.0, 3.0, 3.0, 3.0, 3.0, 3.0, 3.0, 3.0, 3.0, 3.0, 3.0, 3.0, 3.0, 3.0, 3.0, 3.0, 3.0, 3.0, 3.0, 3.0, 3.0, 3.0, 3.0, 3.0, 3.0, 3.0, 3.0, 3.0, 3.0, 3.0, 3.0], "cs": [0.05, 0.525, 0.4833333333333333, 0.475, 0.3800000000000001, 0.4666666666666666, 0.43571428571428567, 0.50625, 0.5611111111111111, 0.605, 0.6272727272727272, 0.6583333333333334, 0.6846153846153846, 0.7071428571428571, 0.7266666666666665, 0.696875, 0.714705882352941, 0.7305555555555554, 0.6921052631578948, 0.6975, 0.6999999999999998, 0.7136363636363636, 0.726086956521739, 0.7333333333333332, 0.7420000000000001, 0.7499999999999999, 0.7259259259259261, 0.7357142857142857, 0.743103448275862, 0.7516666666666665, 0.7596774193548387, 0.7484375, 0.7560606060606061, 0.763235294117647, 0.7699999999999998, 0.7763888888888888, 0.7797297297297298, 0.7789473684210525, 0.7717948717948717, 0.7775, 0.7731707317073172, 0.7607142857142857, 0.7604651162790695, 0.765909090909091, 0.7711111111111111, 0.7760869565217392, 0.7808510638297872, 0.7854166666666665, 0.789795918367347, 0.7939999999999999, 0.7980392156862749, 0.7875000000000001, 0.7726415094339625, 0.7685185185185187, 0.7572727272727272, 0.7473214285714284, 0.7456140350877193, 0.7474137931034482, 0.7516949152542373, 0.7483333333333333, 0.7524590163934425, 0.75, 0.7539682539682541, 0.75390625, 0.7576923076923078, 0.7575757575757576, 0.746268656716418, 0.736764705882353, 0.7405797101449276, 0.7335714285714284, 0.7274647887323946, 0.73125, 0.7349315068493152, 0.7371621621621621, 0.7273333333333334, 0.7309210526315788, 0.7344155844155842, 0.7294871794871792, 0.7316455696202533, 0.7350000000000001, 0.7351851851851852], "correct": 0.7351851851851852}