{"qs": [0.6666666666666666, 0.5714285714285714, 0.625, 0.6666666666666666, 0.7, 0.7272727272727273, 0.8181818181818182, 0.8181818181818182, 0.8181818181818182, 0.8181818181818182, 0.9090909090909091, 0.9090909090909091, 1.0, 0.9090909090909091, 0.9090909090909091, 0.9090909090909091, 0.9090909090909091, 0.9090909090909091, 0.9090909090909091, 0.9090909090909091, 0.9090909090909091, 0.8181818181818182, 0.8181818181818182, 0.8181818181818182, 0.9090909090909091, 0.9090909090909091, 0.9090909090909091, 0.9090909090909091, 0.9090909090909091, 0.9090909090909091, 0.9090909090909091, 0.9090909090909091, 1.0, 1.0, 1.0, 1.0, 1.0, 1.0, 1.0, 1.0, 1.0, 1.0, 1.0, 1.0, 1.0, 1.0, 0.9090909090909091, 0.8181818181818182, 0.7272727272727273, 0.7272727272727273, 0.6363636363636364, 0.6363636363636364, 0.6363636363636364, 0.6363636363636364, 0.5454545454545454, 0.5454545454545454, 0.5454545454545454, 0.6363636363636364, 0.6363636363636364, 0.7272727272727273, 0.7272727272727273, 0.7272727272727273, 0.6363636363636364, 0.6363636363636364, 0.6363636363636364, 0.7272727272727273, 0.7272727272727273, 0.7272727272727273, 0.7272727272727273, 0.7272727272727273, 0.7272727272727273, 0.7272727272727273, 0.7272727272727273, 0.8181818181818182, 0.8181818181818182, 0.8181818181818182, 0.8, 0.7777777777777778, 0.75, 0.7142857142857143, 0.8333333333333334], "cumulative": 66.0, "hired": 243.0, "ws": [3.0, 3.0, 3.0, 3.0, 3.0, 3.0, 3.0, 3.0, 3.0, 3.0, 3.0, 3.0, 3.0, 3.0, 3.0, 3.0, 3.0, 3.0, 3.0, 3.0, 3.0, 3.0, 3.0, 3.0, 3.0, 3.0, 3.0, 3.0, 3.0, 3.0, 3.0, 3.0, 3.0, 3.0, 3.0, 3.0, 3.0, 3.0, 3.0, 3.0, 3.0, 3.0, 3.0, 3.0, 3.0, 3.0, 3.0, 3.0, 3.0, 3.0, 3.0, 3.0, 3.0, 3.0, 3.0, 3.0, 3.0, 3.0, 3.0, 3.0, 3.0, 3.0, 3.0, 3.0, 3.0, 3.0, 3.0, 3.0, 3.0, 3.0, 3.0, 3.0, 3.0, 3.0, 3.0, 3.0, 3.0, 3.0, 3.0, 3.0, 3.0], "cs": [0.0, 0.5, 0.6666666666666666, 0.75, 0.6, 0.6666666666666666, 0.5714285714285714, 0.625, 0.6666666666666666, 0.7, 0.7272727272727273, 0.75, 0.7692307692307693, 0.7857142857142857, 0.8, 0.8125, 0.8235294117647058, 0.8333333333333334, 0.7894736842105263, 0.8, 0.8095238095238095, 0.8181818181818182, 0.8260869565217391, 0.8333333333333334, 0.84, 0.8461538461538461, 0.8148148148148148, 0.8214285714285714, 0.8275862068965517, 0.8333333333333334, 0.8387096774193549, 0.84375, 0.8484848484848485, 0.8529411764705882, 0.8571428571428571, 0.8611111111111112, 0.8648648648648649, 0.868421052631579, 0.8717948717948718, 0.875, 0.8780487804878049, 0.8809523809523809, 0.8837209302325582, 0.8863636363636364, 0.8888888888888888, 0.8913043478260869, 0.8936170212765957, 0.8958333333333334, 0.8979591836734694, 0.9, 0.9019607843137255, 0.8846153846153846, 0.8679245283018868, 0.8518518518518519, 0.8545454545454545, 0.8392857142857143, 0.8421052631578947, 0.8448275862068966, 0.847457627118644, 0.8333333333333334, 0.8360655737704918, 0.8387096774193549, 0.8412698412698413, 0.828125, 0.8307692307692308, 0.8333333333333334, 0.8208955223880597, 0.8088235294117647, 0.8115942028985508, 0.8142857142857143, 0.8169014084507042, 0.8194444444444444, 0.821917808219178, 0.8243243243243243, 0.8133333333333334, 0.8157894736842105, 0.8181818181818182, 0.8076923076923077, 0.810126582278481, 0.8125, 0.8148148148148148], "correct": 0.8148148148148148}