{"qs": [0.6666666666666664, 0.5714285714285713, 0.625, 0.6666666666666664, 0.6999999999999997, 0.7272727272727271, 0.8181818181818181, 0.8181818181818181, 0.8181818181818181, 0.8181818181818181, 0.9090909090909088, 0.9090909090909088, 1.0, 0.9090909090909088, 0.9090909090909088, 0.9090909090909088, 0.9090909090909088, 0.9090909090909088, 0.9090909090909088, 0.9090909090909088, 0.9090909090909088, 0.8181818181818181, 0.8181818181818181, 0.8181818181818181, 0.9090909090909088, 0.9090909090909088, 0.9090909090909088, 0.9090909090909088, 0.9090909090909088, 0.9090909090909088, 0.9090909090909088, 0.9090909090909088, 1.0, 1.0, 1.0, 1.0, 1.0, 1.0, 1.0, 1.0, 1.0, 1.0, 1.0, 1.0, 1.0, 1.0, 0.9090909090909088, 0.8181818181818181, 0.7272727272727271, 0.7272727272727271, 0.6363636363636365, 0.6363636363636365, 0.6363636363636365, 0.6363636363636365, 0.5454545454545452, 0.5454545454545452, 0.5454545454545452, 0.6363636363636365, 0.6363636363636365, 0.7272727272727271, 0.7272727272727271, 0.7272727272727271, 0.6363636363636365, 0.6363636363636365, 0.6363636363636365, 0.7272727272727271, 0.7272727272727271, 0.7272727272727271, 0.7272727272727271, 0.7272727272727271, 0.7272727272727271, 0.7272727272727271, 0.7272727272727271, 0.8181818181818181, 0.8181818181818181, 0.8181818181818181, 0.8000000000000002, 0.7777777777777781, 0.75, 0.714285714285714, 0.8333333333333336], "cumulative": 66.0, "hired": 243.0, "ws": [3.0, 3.0, 3.0, 3.0, 3.0, 3.0, 3.0, 3.0, 3.0, 3.0, 3.0, 3.0, 3.0, 3.0, 3.0, 3.0, 3.0, 3.0, 3.0, 3.0, 3.0, 3.0, 3.0, 3.0, 3.0, 3.0, 3.0, 3.0, 3.0, 3.0, 3.0, 3.0, 3.0, 3.0, 3.0, 3.0, 3.0, 3.0, 3.0, 3.0, 3.0, 3.0, 3.0, 3.0, 3.0, 3.0, 3.0, 3.0, 3.0, 3.0, 3.0, 3.0, 3.0, 3.0, 3.0, 3.0, 3.0, 3.0, 3.0, 3.0, 3.0, 3.0, 3.0, 3.0, 3.0, 3.0, 3.0, 3.0, 3.0, 3.0, 3.0, 3.0, 3.0, 3.0, 3.0, 3.0, 3.0, 3.0, 3.0, 3.0, 3.0], "cs": [0.0, 0.5, 0.6666666666666664, 0.75, 0.5999999999999999, 0.6666666666666664, 0.5714285714285713, 0.625, 0.6666666666666664, 0.6999999999999997, 0.7272727272727271, 0.75, 0.7692307692307696, 0.785714285714286, 0.8000000000000002, 0.8125, 0.8235294117647062, 0.8333333333333336, 0.7894736842105261, 0.8000000000000002, 0.8095238095238099, 0.8181818181818181, 0.8260869565217387, 0.8333333333333336, 0.8400000000000001, 0.8461538461538464, 0.8148148148148147, 0.8214285714285714, 0.8275862068965518, 0.8333333333333336, 0.8387096774193544, 0.84375, 0.8484848484848481, 0.8529411764705882, 0.8571428571428573, 0.8611111111111109, 0.8648648648648649, 0.868421052631579, 0.871794871794872, 0.875, 0.8780487804878053, 0.8809523809523812, 0.8837209302325582, 0.8863636363636365, 0.8888888888888891, 0.8913043478260864, 0.8936170212765958, 0.8958333333333334, 0.8979591836734692, 0.9, 0.9019607843137256, 0.8846153846153848, 0.8679245283018867, 0.8518518518518515, 0.8545454545454548, 0.8392857142857139, 0.8421052631578944, 0.8448275862068966, 0.8474576271186438, 0.8333333333333336, 0.8360655737704918, 0.8387096774193544, 0.8412698412698415, 0.828125, 0.830769230769231, 0.8333333333333336, 0.8208955223880599, 0.8088235294117647, 0.8115942028985508, 0.8142857142857146, 0.8169014084507042, 0.8194444444444444, 0.821917808219178, 0.8243243243243243, 0.8133333333333329, 0.8157894736842104, 0.8181818181818181, 0.807692307692308, 0.8101265822784814, 0.8125, 0.8148148148148147], "correct": 0.8148148148148147}